StartDate,EndDate,Status,IPAddress,Progress,Duration (in seconds),Finished,RecordedDate,ResponseId,RecipientLastName,RecipientFirstName,RecipientEmail,ExternalReference,LocationLatitude,LocationLongitude,DistributionChannel,UserLanguage,Q185,Ready_to_Upload,Howmany_followers,Freq_Post_Inst,Hours_perday_Inst_4,Hours_perday_Inst_7,Hours_perday_Inst_8,Step 5,Upload_photo1_Id,Upload_photo1_Name,Upload_photo1_Size,Upload_photo1_Type,Capt_Photo1,Feel_Photo1_21,Photo1_likes,Upload_photo2_Id,Upload_photo2_Name,Upload_photo2_Size,Upload_photo2_Type,Capt_Photo2,Feel_Photo2_21,Likes_photo2,Upload_photo3_Id,Upload_photo3_Name,Upload_photo3_Size,Upload_photo3_Type,Capt_Photo3,Feel_Photo3_21,Photo3_likes,Upload_photo4_Id,Upload_photo4_Name,Upload_photo4_Size,Upload_photo4_Type,Capt_Photo4,Feel_Photo4_21,Likes_photo4,Upload_photo5_Id,Upload_photo5_Name,Upload_photo5_Size,Upload_photo5_Type,Capt_Photo5,Feel_Photo5_21,Likes_photo5,Upload_photo6_Id,Upload_photo6_Name,Upload_photo6_Size,Upload_photo6_Type,Capt_Photo6,Feel_Photo6_21,Likes_photo6,Upload_photo7_Id,Upload_photo7_Name,Upload_photo7_Size,Upload_photo7_Type,Capt_Photo7,Feel_Photo7_21,Likes_photo7,Upload_photo8_Id,Upload_photo8_Name,Upload_photo8_Size,Upload_photo8_Type,Capt_Photo8,Feel_Photo8_21,Likes_photo8,Upload_photo9_Id,Upload_photo9_Name,Upload_photo9_Size,Upload_photo9_Type,Capt_Photo9,Feel_Photo9_21,Likes_photo9,Upload_photo10_Id,Upload_photo10_Name,Upload_photo10_Size,Upload_photo10_Type,Capt_Photo10,Feel_Photo10_21,Likes_photo10,Upload_photo11_Id,Upload_photo11_Name,Upload_photo11_Size,Upload_photo11_Type,Capt_Photo11,Feel_Photo11_21,Likes_photo11,Upload_photo12_Id,Upload_photo12_Name,Upload_photo12_Size,Upload_photo12_Type,capt_photo12,Feel_Photo12_21,Likes_photo12,Upload_photo13_Id,Upload_photo13_Name,Upload_photo13_Size,Upload_photo13_Type,capt_photo13,Feel_Photo13_21,Likes_photo13,Upload_photo14_Id,Upload_photo14_Name,Upload_photo14_Size,Upload_photo14_Type,capt_photo14,Feel_Photo14_21,Likes_photo14,Upload_photo15_Id,Upload_photo15_Name,Upload_photo15_Size,Upload_photo15_Type,capt_photo15,Feel_Photo15_21,Likes_photo15,Upload_photo16_Id,Upload_photo16_Name,Upload_photo16_Size,Upload_photo16_Type,cpt_photo16,Feel_Photo16_21,Likes_photo16,Upload_photo17_Id,Upload_photo17_Name,Upload_photo17_Size,Upload_photo17_Type,capt_photo17,Feel_Photo17_21,Likes_photo17,Upload_photo18_Id,Upload_photo18_Name,Upload_photo18_Size,Upload_photo18_Type,capt_photo18,Feel_Photo18_21,Likes_photo18,Upload_photo19_Id,Upload_photo19_Name,Upload_photo19_Size,Upload_photo19_Type,capt_photo19,Feel_Photo19_21,Likes_photo19,Upload_photo20_Id,Upload_photo20_Name,Upload_photo20_Size,Upload_photo20_Type,capt_photo20,Feel_Photo20_21,Likes_photo20,Upload_photo21_Id,Upload_photo21_Name,Upload_photo21_Size,Upload_photo21_Type,capt_photo21,Feel_Photo21_21,Likes_photo21,Upload_photo22_Id,Upload_photo22_Name,Upload_photo22_Size,Upload_photo22_Type,capt_photo22,Feel_Photo22_21,Likes_photo22,Upload_photo23_Id,Upload_photo23_Name,Upload_photo23_Size,Upload_photo23_Type,capt_photo23,Feel_Photo23_21,Likes_photo23,Upload_photo24_Id,Upload_photo24_Name,Upload_photo24_Size,Upload_photo24_Type,capt_photo24,Feel_Photo24_21,Likes_photo24,Upload_photo25_Id,Upload_photo25_Name,Upload_photo25_Size,Upload_photo25_Type,capt_photo25,Feel_Photo25_21,Likes_photo25,Upload_photo26_Id,Upload_photo26_Name,Upload_photo26_Size,Upload_photo26_Type,capt_photo26,Feel_Photo26_21,Likes_photo26,Upload_photo27_Id,Upload_photo27_Name,Upload_photo27_Size,Upload_photo27_Type,capt_photo27,Feel_Photo27_21,Likes_photo27,Upload_photo28_Id,Upload_photo28_Name,Upload_photo28_Size,Upload_photo28_Type,capt_photo28,Feel_Photo28_21,Likes_photo28,Upload_photo29_Id,Upload_photo29_Name,Upload_photo29_Size,Upload_photo29_Type,capt_photo29,Feel_Photo29_21,Likes_photo29,Upload_photo30_Id,Upload_photo30_Name,Upload_photo30_Size,Upload_photo30_Type,capt_photo30,Feel_Photo30_21,Likes_photo30,Upload_photo31_Id,Upload_photo31_Name,Upload_photo31_Size,Upload_photo31_Type,capt_photo31,Feel_Photo31_21,Likes_photo31,Upload_photo32_Id,Upload_photo32_Name,Upload_photo32_Size,Upload_photo32_Type,capt_photo32,Feel_photo32_21,Likes_photo32,photo1,photo1_filename,photo2,photo2_filename,photo3,photo3_filename,photo4,photo4_filename,photo5,photo5_filename,photo6,photo6_filename,photo7,photo7_filename,photo8,photo9,photo10,photo11,photo12,photo13,photo14,photo15,photo16,photo17,photo18,photo19,photo20,photo21,photo22,photo23,photo24,photo25,photo26,photo27,photo28,photo29,photo30,PROLIFIC_PID,photo31,phtoto32
Start Date,End Date,Response Type,IP Address,Progress,Duration (in seconds),Finished,Recorded Date,Response ID,Recipient Last Name,Recipient First Name,Recipient Email,External Data Reference,Location Latitude,Location Longitude,Distribution Channel,User Language,"Please enter your Prolific ID, then click the blue arrow to continue.","You are now ready to upload your Instagram photos. On the next few pages, you will asked a few questions be shown instructions on how to upload your Instagram photos. You will be asked to repeat these steps for all of your images. If you experience any technical difficulties or have any questions, please email the experimenter at: farerilab@gmail.com.



As a reminder, you are asked to provide 30-35 photos from your Instagram account that meet the following criteria:



Your photos MUST meet the following criteria:



1) They are photos that you've already posted to your Instagram account; please blur out/crop out your personal instagram handle.

2) They evoke positive feelings only

3) They are original photos posted by you (not re-posts, memes, or quotes originally posted by someone else)

4) They do not contain any inappropriate or illegal content (revealing clothing, nudity, drug paraphernalia, expletives, or politically charged content, bullying or other types of offensive material)

5) They are photos and not screenshots of videos

6) Of the 30-35 photos, please have at least 5 photos that include yourself

7) They are not from a business or professional account

8) Do not upload any duplicates of the same photo, each photo must be different. If duplicates are detected, you may be ineligible to participate in the study.
9) Make sure all of the photos that you upload have different filenames, as more than one photo with the same name can be overwritten. Screenshots with timestamps are OK.



If you agree to abide by this criteria, please certify below and click the blue arrow to continue.",How many instagram followers do you have?,How often do you post on instagram (per week)?,"Please use the slider to provide a numerical value to respond to the following questions. - How many hours per day, on average, do you spend on instagram?","Please use the slider to provide a numerical value to respond to the following questions. - How many hours do you spend across all social media platforms, on average, per day?","Please use the slider to provide a numerical value to respond to the following questions. - How many social media platforms do you currently use? (Instagram, Facebook, Tik Tok, Twitter, Linked In, etc.)","Step 5: Upload your image to the survey in the space provided.

Please do not crop or edit your screenshot beyond hiding your username.

Please do not edit the screenshot file name, 

We will take care of this for you. 



You will also be asked to provide a brief, descriptive caption to go along with your photo so that when other participants view your photo they have some context. For example, if Doug the Pug submitted this photo, the caption may be, ""lounging around in my crocs."" 



  





Finally, you will also be asked to rate how the photo makes you feel. 



I confirm that I will not crop or make edits to the screenshots that I submit.",Upload Photo 1 - Id,Upload Photo 1 - Name,Upload Photo 1 - Size,Upload Photo 1 - Type,Provide a short caption for this photo.,Feel_Photo1 - How do you feel about this photo?,How many likes did this photo receive?,Upload Photo 2 - Id,Upload Photo 2 - Name,Upload Photo 2 - Size,Upload Photo 2 - Type,Provide a short caption for this photo.,Feel_Photo2 - How do you feel about this photo?,How many likes did this photo receive?,Upload Photo 3 - Id,Upload Photo 3 - Name,Upload Photo 3 - Size,Upload Photo 3 - Type,Provide a short caption for this photo.,Feel_Photo3 - How do you feel about this photo?,How many likes did this photo receive?,Upload Photo 4 - Id,Upload Photo 4 - Name,Upload Photo 4 - Size,Upload Photo 4 - Type,Provide a short caption for this photo.,Feel_Photo4 - How do you feel about this photo?,How many likes did this photo receive?,Upload Photo 5 - Id,Upload Photo 5 - Name,Upload Photo 5 - Size,Upload Photo 5 - Type,Provide a short caption for this photo.,Feel_Photo5 - How do you feel about this photo?,How many likes did this photo receive?,Upload Photo 6 - Id,Upload Photo 6 - Name,Upload Photo 6 - Size,Upload Photo 6 - Type,Provide a short caption for this photo.,Feel_Photo6 - How do you feel about this photo?,How many likes did this photo receive?,Upload Photo 7 - Id,Upload Photo 7 - Name,Upload Photo 7 - Size,Upload Photo 7 - Type,Provide a short caption for this photo.,Feel_Photo7 - How do you feel about this photo?,How many likes did this photo receive?,Upload Photo 8 - Id,Upload Photo 8 - Name,Upload Photo 8 - Size,Upload Photo 8 - Type,Provide a short caption for this photo.,Feel_Photo8 - How do you feel about this photo?,How many likes did this photo receive?,Upload Photo 9 - Id,Upload Photo 9 - Name,Upload Photo 9 - Size,Upload Photo 9 - Type,Provide a short caption for this photo.,Feel_Photo9 - How do you feel about this photo?,How many likes did this photo receive?,Upload Photo 10 - Id,Upload Photo 10 - Name,Upload Photo 10 - Size,Upload Photo 10 - Type,Provide a short caption for this photo.,Feel_Photo10 - How do you feel about this photo?,How many likes did this photo receive?,Upload Photo 11 - Id,Upload Photo 11 - Name,Upload Photo 11 - Size,Upload Photo 11 - Type,Provide a short caption for this photo.,Feel_Photo11 - How do you feel about this photo?,How many likes did this photo receive?,Upload Photo 12 - Id,Upload Photo 12 - Name,Upload Photo 12 - Size,Upload Photo 12 - Type,Provide a short caption for this photo.,Feel_Photo12 - How do you feel about this photo?,How many likes did this photo receive?,Upload Photo 13 - Id,Upload Photo 13 - Name,Upload Photo 13 - Size,Upload Photo 13 - Type,Provide a short caption for this photo.,Feel_Photo13 - How do you feel about this photo?,How many likes did this photo receive?,Upload Photo 14 - Id,Upload Photo 14 - Name,Upload Photo 14 - Size,Upload Photo 14 - Type,Provide a short caption for this photo.,Feel_Photo14 - How do you feel about this photo?,How many likes did this photo receive?,Upload Photo 15 - Id,Upload Photo 15 - Name,Upload Photo 15 - Size,Upload Photo 15 - Type,Provide a short caption for this photo.,Feel_Photo15 - How do you feel about this photo?,How many likes did this photo receive?,Upload Photo 16 - Id,Upload Photo 16 - Name,Upload Photo 16 - Size,Upload Photo 16 - Type,Provide a short caption for this photo.,Feel_Photo16 - How do you feel about this photo?,How many likes did this photo receive?,Upload Photo 17 - Id,Upload Photo 17 - Name,Upload Photo 17 - Size,Upload Photo 17 - Type,Provide a short caption for this photo.,Feel_Photo17 - How do you feel about this photo?,How many likes did this photo receive?,Upload Photo 18 - Id,Upload Photo 18 - Name,Upload Photo 18 - Size,Upload Photo 18 - Type,Provide a short caption for this photo.,Feel_Photo18 - How do you feel about this photo?,How many likes did this photo receive?,Upload Photo 19 - Id,Upload Photo 19 - Name,Upload Photo 19 - Size,Upload Photo 19 - Type,Provide a short caption for this photo.,Feel_Photo19 - How do you feel about this photo?,How many likes did this photo receive?,Upload Photo 20 - Id,Upload Photo 20 - Name,Upload Photo 20 - Size,Upload Photo 20 - Type,Provide a short caption for this photo.,Feel_Photo20 - How do you feel about this photo?,How many likes did this photo receive?,Upload Photo 21 - Id,Upload Photo 21 - Name,Upload Photo 21 - Size,Upload Photo 21 - Type,Provide a short caption for this photo.,Feel_Photo21 - How do you feel about this photo?,How many likes did this photo receive?,Upload Photo 22 - Id,Upload Photo 22 - Name,Upload Photo 22 - Size,Upload Photo 22 - Type,Provide a short caption for this photo.,Feel_Photo22 - How do you feel about this photo?,How many likes did this photo receive?,Upload Photo 23 - Id,Upload Photo 23 - Name,Upload Photo 23 - Size,Upload Photo 23 - Type,Provide a short caption for this photo.,Feel_Photo23 - How do you feel about this photo?,How many likes did this photo receive?,Upload Photo 24 - Id,Upload Photo 24 - Name,Upload Photo 24 - Size,Upload Photo 24 - Type,Provide a short caption for this photo.,Feel_Photo24 - How do you feel about this photo?,How many likes did this photo receive?,Upload Photo 25 - Id,Upload Photo 25 - Name,Upload Photo 25 - Size,Upload Photo 25 - Type,Provide a short caption for this photo.,Feel_Photo25 - How do you feel about this photo?,How many likes did this photo receive?,Upload Photo 26 - Id,Upload Photo 26 - Name,Upload Photo 26 - Size,Upload Photo 26 - Type,Provide a short caption for this photo.,Feel_Photo26 - How do you feel about this photo?,How many likes did this photo receive?,Upload Photo 27 - Id,Upload Photo 27 - Name,Upload Photo 27 - Size,Upload Photo 27 - Type,Provide a short caption for this photo.,Feel_Photo27 - How do you feel about this photo?,How many likes did this photo receive?,Upload Photo 28 - Id,Upload Photo 28 - Name,Upload Photo 28 - Size,Upload Photo 28 - Type,Provide a short caption for this photo.,Feel_Photo28 - How do you feel about this photo?,How many likes did this photo receive?,Upload Photo 29 - Id,Upload Photo 29 - Name,Upload Photo 29 - Size,Upload Photo 29 - Type,Provide a short caption for this photo.,Feel_Photo29 - How do you feel about this photo?,How many likes did this photo receive?,Upload Photo 30 - Id,Upload Photo 30 - Name,Upload Photo 30 - Size,Upload Photo 30 - Type,Provide a short caption for this photo.,Feel_Photo30 - How do you feel about this photo?,How many likes did this photo receive?,Upload Photo 31 - Id,Upload Photo 31 - Name,Upload Photo 31 - Size,Upload Photo 31 - Type,Provide a short caption for this photo.,Feel_Photo31 - How do you feel about this photo?,How many likes did this photo receive?,Upload Photo 32 - Id,Upload Photo 32 - Name,Upload Photo 32 - Size,Upload Photo 32 - Type,Provide a short caption for this photo.,Feel_photo32 - How do you feel about this photo?,How many likes did this photo receive?,photo1,photo1_filename,photo2,photo2_filename,photo3,photo3_filename,photo4,photo4_filename,photo5,photo5_filename,photo6,photo6_filename,photo7,photo7_filename,photo8,photo9,photo10,photo11,photo12,photo13,photo14,photo15,photo16,photo17,photo18,photo19,photo20,photo21,photo22,photo23,photo24,photo25,photo26,photo27,photo28,photo29,photo30,PROLIFIC_PID,photo31,phtoto32
"{""ImportId"":""startDate"",""timeZone"":""America/Denver""}","{""ImportId"":""endDate"",""timeZone"":""America/Denver""}","{""ImportId"":""status""}","{""ImportId"":""ipAddress""}","{""ImportId"":""progress""}","{""ImportId"":""duration""}","{""ImportId"":""finished""}","{""ImportId"":""recordedDate"",""timeZone"":""America/Denver""}","{""ImportId"":""_recordId""}","{""ImportId"":""recipientLastName""}","{""ImportId"":""recipientFirstName""}","{""ImportId"":""recipientEmail""}","{""ImportId"":""externalDataReference""}","{""ImportId"":""locationLatitude""}","{""ImportId"":""locationLongitude""}","{""ImportId"":""distributionChannel""}","{""ImportId"":""userLanguage""}","{""ImportId"":""QID185_TEXT""}","{""ImportId"":""QID2""}","{""ImportId"":""QID9_TEXT""}","{""ImportId"":""QID11""}","{""ImportId"":""QID10_4""}","{""ImportId"":""QID10_7""}","{""ImportId"":""QID10_8""}","{""ImportId"":""QID8""}","{""ImportId"":""QID15_FILE_ID""}","{""ImportId"":""QID15_FILE_NAME""}","{""ImportId"":""QID15_FILE_SIZE""}","{""ImportId"":""QID15_FILE_TYPE""}","{""ImportId"":""QID17_TEXT""}","{""ImportId"":""QID153_21""}","{""ImportId"":""QID186_TEXT""}","{""ImportId"":""QID18_FILE_ID""}","{""ImportId"":""QID18_FILE_NAME""}","{""ImportId"":""QID18_FILE_SIZE""}","{""ImportId"":""QID18_FILE_TYPE""}","{""ImportId"":""QID119_TEXT""}","{""ImportId"":""QID154_21""}","{""ImportId"":""QID187_TEXT""}","{""ImportId"":""QID21_FILE_ID""}","{""ImportId"":""QID21_FILE_NAME""}","{""ImportId"":""QID21_FILE_SIZE""}","{""ImportId"":""QID21_FILE_TYPE""}","{""ImportId"":""QID23_TEXT""}","{""ImportId"":""QID155_21""}","{""ImportId"":""QID188_TEXT""}","{""ImportId"":""QID24_FILE_ID""}","{""ImportId"":""QID24_FILE_NAME""}","{""ImportId"":""QID24_FILE_SIZE""}","{""ImportId"":""QID24_FILE_TYPE""}","{""ImportId"":""QID26_TEXT""}","{""ImportId"":""QID156_21""}","{""ImportId"":""QID189_TEXT""}","{""ImportId"":""QID27_FILE_ID""}","{""ImportId"":""QID27_FILE_NAME""}","{""ImportId"":""QID27_FILE_SIZE""}","{""ImportId"":""QID27_FILE_TYPE""}","{""ImportId"":""QID29_TEXT""}","{""ImportId"":""QID157_21""}","{""ImportId"":""QID190_TEXT""}","{""ImportId"":""QID30_FILE_ID""}","{""ImportId"":""QID30_FILE_NAME""}","{""ImportId"":""QID30_FILE_SIZE""}","{""ImportId"":""QID30_FILE_TYPE""}","{""ImportId"":""QID32_TEXT""}","{""ImportId"":""QID158_21""}","{""ImportId"":""QID191_TEXT""}","{""ImportId"":""QID33_FILE_ID""}","{""ImportId"":""QID33_FILE_NAME""}","{""ImportId"":""QID33_FILE_SIZE""}","{""ImportId"":""QID33_FILE_TYPE""}","{""ImportId"":""QID35_TEXT""}","{""ImportId"":""QID159_21""}","{""ImportId"":""QID192_TEXT""}","{""ImportId"":""QID36_FILE_ID""}","{""ImportId"":""QID36_FILE_NAME""}","{""ImportId"":""QID36_FILE_SIZE""}","{""ImportId"":""QID36_FILE_TYPE""}","{""ImportId"":""QID38_TEXT""}","{""ImportId"":""QID160_21""}","{""ImportId"":""QID193_TEXT""}","{""ImportId"":""QID39_FILE_ID""}","{""ImportId"":""QID39_FILE_NAME""}","{""ImportId"":""QID39_FILE_SIZE""}","{""ImportId"":""QID39_FILE_TYPE""}","{""ImportId"":""QID41_TEXT""}","{""ImportId"":""QID161_21""}","{""ImportId"":""QID194_TEXT""}","{""ImportId"":""QID42_FILE_ID""}","{""ImportId"":""QID42_FILE_NAME""}","{""ImportId"":""QID42_FILE_SIZE""}","{""ImportId"":""QID42_FILE_TYPE""}","{""ImportId"":""QID44_TEXT""}","{""ImportId"":""QID162_21""}","{""ImportId"":""QID195_TEXT""}","{""ImportId"":""QID45_FILE_ID""}","{""ImportId"":""QID45_FILE_NAME""}","{""ImportId"":""QID45_FILE_SIZE""}","{""ImportId"":""QID45_FILE_TYPE""}","{""ImportId"":""QID47_TEXT""}","{""ImportId"":""QID163_21""}","{""ImportId"":""QID196_TEXT""}","{""ImportId"":""QID48_FILE_ID""}","{""ImportId"":""QID48_FILE_NAME""}","{""ImportId"":""QID48_FILE_SIZE""}","{""ImportId"":""QID48_FILE_TYPE""}","{""ImportId"":""QID50_TEXT""}","{""ImportId"":""QID164_21""}","{""ImportId"":""QID197_TEXT""}","{""ImportId"":""QID51_FILE_ID""}","{""ImportId"":""QID51_FILE_NAME""}","{""ImportId"":""QID51_FILE_SIZE""}","{""ImportId"":""QID51_FILE_TYPE""}","{""ImportId"":""QID53_TEXT""}","{""ImportId"":""QID165_21""}","{""ImportId"":""QID198_TEXT""}","{""ImportId"":""QID54_FILE_ID""}","{""ImportId"":""QID54_FILE_NAME""}","{""ImportId"":""QID54_FILE_SIZE""}","{""ImportId"":""QID54_FILE_TYPE""}","{""ImportId"":""QID56_TEXT""}","{""ImportId"":""QID166_21""}","{""ImportId"":""QID199_TEXT""}","{""ImportId"":""QID57_FILE_ID""}","{""ImportId"":""QID57_FILE_NAME""}","{""ImportId"":""QID57_FILE_SIZE""}","{""ImportId"":""QID57_FILE_TYPE""}","{""ImportId"":""QID59_TEXT""}","{""ImportId"":""QID167_21""}","{""ImportId"":""QID200_TEXT""}","{""ImportId"":""QID60_FILE_ID""}","{""ImportId"":""QID60_FILE_NAME""}","{""ImportId"":""QID60_FILE_SIZE""}","{""ImportId"":""QID60_FILE_TYPE""}","{""ImportId"":""QID62_TEXT""}","{""ImportId"":""QID168_21""}","{""ImportId"":""QID201_TEXT""}","{""ImportId"":""QID63_FILE_ID""}","{""ImportId"":""QID63_FILE_NAME""}","{""ImportId"":""QID63_FILE_SIZE""}","{""ImportId"":""QID63_FILE_TYPE""}","{""ImportId"":""QID65_TEXT""}","{""ImportId"":""QID169_21""}","{""ImportId"":""QID202_TEXT""}","{""ImportId"":""QID66_FILE_ID""}","{""ImportId"":""QID66_FILE_NAME""}","{""ImportId"":""QID66_FILE_SIZE""}","{""ImportId"":""QID66_FILE_TYPE""}","{""ImportId"":""QID68_TEXT""}","{""ImportId"":""QID170_21""}","{""ImportId"":""QID203_TEXT""}","{""ImportId"":""QID69_FILE_ID""}","{""ImportId"":""QID69_FILE_NAME""}","{""ImportId"":""QID69_FILE_SIZE""}","{""ImportId"":""QID69_FILE_TYPE""}","{""ImportId"":""QID71_TEXT""}","{""ImportId"":""QID171_21""}","{""ImportId"":""QID204_TEXT""}","{""ImportId"":""QID72_FILE_ID""}","{""ImportId"":""QID72_FILE_NAME""}","{""ImportId"":""QID72_FILE_SIZE""}","{""ImportId"":""QID72_FILE_TYPE""}","{""ImportId"":""QID74_TEXT""}","{""ImportId"":""QID172_21""}","{""ImportId"":""QID205_TEXT""}","{""ImportId"":""QID75_FILE_ID""}","{""ImportId"":""QID75_FILE_NAME""}","{""ImportId"":""QID75_FILE_SIZE""}","{""ImportId"":""QID75_FILE_TYPE""}","{""ImportId"":""QID77_TEXT""}","{""ImportId"":""QID173_21""}","{""ImportId"":""QID206_TEXT""}","{""ImportId"":""QID78_FILE_ID""}","{""ImportId"":""QID78_FILE_NAME""}","{""ImportId"":""QID78_FILE_SIZE""}","{""ImportId"":""QID78_FILE_TYPE""}","{""ImportId"":""QID80_TEXT""}","{""ImportId"":""QID174_21""}","{""ImportId"":""QID207_TEXT""}","{""ImportId"":""QID81_FILE_ID""}","{""ImportId"":""QID81_FILE_NAME""}","{""ImportId"":""QID81_FILE_SIZE""}","{""ImportId"":""QID81_FILE_TYPE""}","{""ImportId"":""QID83_TEXT""}","{""ImportId"":""QID175_21""}","{""ImportId"":""QID208_TEXT""}","{""ImportId"":""QID84_FILE_ID""}","{""ImportId"":""QID84_FILE_NAME""}","{""ImportId"":""QID84_FILE_SIZE""}","{""ImportId"":""QID84_FILE_TYPE""}","{""ImportId"":""QID86_TEXT""}","{""ImportId"":""QID176_21""}","{""ImportId"":""QID209_TEXT""}","{""ImportId"":""QID87_FILE_ID""}","{""ImportId"":""QID87_FILE_NAME""}","{""ImportId"":""QID87_FILE_SIZE""}","{""ImportId"":""QID87_FILE_TYPE""}","{""ImportId"":""QID89_TEXT""}","{""ImportId"":""QID177_21""}","{""ImportId"":""QID210_TEXT""}","{""ImportId"":""QID90_FILE_ID""}","{""ImportId"":""QID90_FILE_NAME""}","{""ImportId"":""QID90_FILE_SIZE""}","{""ImportId"":""QID90_FILE_TYPE""}","{""ImportId"":""QID92_TEXT""}","{""ImportId"":""QID178_21""}","{""ImportId"":""QID211_TEXT""}","{""ImportId"":""QID93_FILE_ID""}","{""ImportId"":""QID93_FILE_NAME""}","{""ImportId"":""QID93_FILE_SIZE""}","{""ImportId"":""QID93_FILE_TYPE""}","{""ImportId"":""QID95_TEXT""}","{""ImportId"":""QID179_21""}","{""ImportId"":""QID212_TEXT""}","{""ImportId"":""QID96_FILE_ID""}","{""ImportId"":""QID96_FILE_NAME""}","{""ImportId"":""QID96_FILE_SIZE""}","{""ImportId"":""QID96_FILE_TYPE""}","{""ImportId"":""QID98_TEXT""}","{""ImportId"":""QID180_21""}","{""ImportId"":""QID213_TEXT""}","{""ImportId"":""QID99_FILE_ID""}","{""ImportId"":""QID99_FILE_NAME""}","{""ImportId"":""QID99_FILE_SIZE""}","{""ImportId"":""QID99_FILE_TYPE""}","{""ImportId"":""QID101_TEXT""}","{""ImportId"":""QID181_21""}","{""ImportId"":""QID214_TEXT""}","{""ImportId"":""QID102_FILE_ID""}","{""ImportId"":""QID102_FILE_NAME""}","{""ImportId"":""QID102_FILE_SIZE""}","{""ImportId"":""QID102_FILE_TYPE""}","{""ImportId"":""QID104_TEXT""}","{""ImportId"":""QID182_21""}","{""ImportId"":""QID215_TEXT""}","{""ImportId"":""QID216_FILE_ID""}","{""ImportId"":""QID216_FILE_NAME""}","{""ImportId"":""QID216_FILE_SIZE""}","{""ImportId"":""QID216_FILE_TYPE""}","{""ImportId"":""QID217_TEXT""}","{""ImportId"":""QID219_21""}","{""ImportId"":""QID220_TEXT""}","{""ImportId"":""QID221_FILE_ID""}","{""ImportId"":""QID221_FILE_NAME""}","{""ImportId"":""QID221_FILE_SIZE""}","{""ImportId"":""QID221_FILE_TYPE""}","{""ImportId"":""QID223_TEXT""}","{""ImportId"":""QID225_21""}","{""ImportId"":""QID226_TEXT""}","{""ImportId"":""photo1""}","{""ImportId"":""photo1_filename""}","{""ImportId"":""photo2""}","{""ImportId"":""photo2_filename""}","{""ImportId"":""photo3""}","{""ImportId"":""photo3_filename""}","{""ImportId"":""photo4""}","{""ImportId"":""photo4_filename""}","{""ImportId"":""photo5""}","{""ImportId"":""photo5_filename""}","{""ImportId"":""photo6""}","{""ImportId"":""photo6_filename""}","{""ImportId"":""photo7""}","{""ImportId"":""photo7_filename""}","{""ImportId"":""photo8""}","{""ImportId"":""photo9""}","{""ImportId"":""photo10""}","{""ImportId"":""photo11""}","{""ImportId"":""photo12""}","{""ImportId"":""photo13""}","{""ImportId"":""photo14""}","{""ImportId"":""photo15""}","{""ImportId"":""photo16""}","{""ImportId"":""photo17""}","{""ImportId"":""photo18""}","{""ImportId"":""photo19""}","{""ImportId"":""photo20""}","{""ImportId"":""photo21""}","{""ImportId"":""photo22""}","{""ImportId"":""photo23""}","{""ImportId"":""photo24""}","{""ImportId"":""photo25""}","{""ImportId"":""photo26""}","{""ImportId"":""photo27""}","{""ImportId"":""photo28""}","{""ImportId"":""photo29""}","{""ImportId"":""photo30""}","{""ImportId"":""PROLIFIC_PID""}","{""ImportId"":""photo31""}","{""ImportId"":""phtoto32""}"
2024-04-10 11:51:28,2024-04-10 11:58:20,0,192.100.55.201,100,411,1,2024-04-10 12:00:30,R_5nfwt43FGXTdAuX,,,,,40.7244,-73.6484,anonymous,EN,test_0410,4,235,12,1,3,4,1,F_2PBAlUGlsU0t25I,101_Image_1.jpg,2913924,image/jpeg,ghgf,1,54,F_26mVGxgNly5ZHhT,101_Image_2.jpg,3781379,image/jpeg,bxgfhfg,1,45,F_sb6O22RcfQfYxfb,101_Image_3.jpg,6199144,image/jpeg,rgdfgf,2,43,F_32Jw6gTxeHjMyBH,101_Image_4.jpg,6050675,image/jpeg,fhgdfhg,2,343,F_3O237fsKSBTG83E,101_Image_5.jpg,5085449,image/jpeg,gfdgfdgsf,1,4,F_22m4iXwYj8kCRHJ,101_Image_6.jpg,3933878,image/jpeg,vfzsdds,1,3,F_xF16bAjp9SNyuVX,101_Image_7.jpg,4674274,image/jpeg,sfgfgsd,2,23,F_vN9hr6vvUAtkxAl,101_Image_8.jpg,7050586,image/jpeg,ewaes,3,4,F_sj3LbNC2hIqO2jf,101_Image_9.jpg,3261531,image/jpeg,sdfsdf,1,4,F_3qwzxzClySpZ2Cw,101_Image_10.jpg,3360186,image/jpeg,dsfsdf,2,3,F_2AKzYRTYzM4bjyb,101_Image_11.jpg,4717580,image/jpeg,dsfsdf,1,3,F_2R54xvdEm0iG0Gy,101_Image_12.jpg,5317329,image/jpeg,sfsd,2,2,F_OP82Ef3O6DVgnmx,101_Image_13.jpg,3558775,image/jpeg,dsfsd,1,2,F_OB7ZyHHYw91p0GJ,101_Image_14.jpg,4673287,image/jpeg,ffsd,2,3,F_3R8BaMdBA1yQvtY,101_Image_15.jpg,4959026,image/jpeg,cxvsdv,1,3,F_2Sqpl60vM1F1fXV,101_Image_16.jpg,3094036,image/jpeg,dsfsdf,2,3,F_3Eyt68FsHIvOT6q,101_Image_17.jpg,2773669,image/jpeg,bfgfd,3,4,F_qRcFFgY8c3ZsuHf,101_Image_18.jpg,4865913,image/jpeg,fgdsg,2,4,F_V1HpV1cbIp1XhM5,101_Image_19.jpg,5345199,image/jpeg,dtrtrd,1,45,F_1rcPA2q8UonNru6,101_Image_20.jpg,3086993,image/jpeg,gfdgf,1,4,F_3oHoabsTmJ5XodE,101_Image_21.jpg,4602546,image/jpeg,dghfge,1,4,F_1odmoSTso7tNU04,101_Image_22.jpg,3433672,image/jpeg,fggdf,3,434,F_3HOG1IeMIqb7yew,101_Image_23.jpg,3789936,image/jpeg,sfgsrt,3,45,F_1dLVyQciLSEdug5,101_Image_24.jpg,3347622,image/jpeg,dfhggtg,2,45,F_2xKrOCh4ydlBErG,101_Image_25.jpg,5031123,image/jpeg,gdfdfg,2,4,F_2aK6uo5PNElkXVG,101_Image_26.jpg,3496544,image/jpeg,gfgfdg,3,4,F_1n8ufW1N59DCRcj,101_Image_27.jpg,5058901,image/jpeg,zfdssd,2,3,F_2ZEPSGGqc1leKro,101_Image_28.jpg,3951338,image/jpeg,fdsfsd,1,3,F_2zdOTvTrgs3VuYC,101_Image_29.jpg,3609145,image/jpeg,dsfdsf,3,3,F_3stDIcqUC2bQSVs,101_Image_30.jpg,4396393,image/jpeg,dfssdf,2,3,F_1OVJECu57W2snUM,101_Image_31.jpg,248807,image/png,FDsf,1,3,F_1obXUtYAfuBXBr0,101_Image_32.jpg,71305,image/png,reqrwq,1,3,,,,,,,,,,,,,,,,,,,,,,,,,,,,,,,,,,,,,,,,
2024-04-10 14:28:07,2024-04-10 14:34:38,0,192.100.55.201,100,390,1,2024-04-10 14:36:22,R_7FKjQaWBCZWYxii,,,,,40.7244,-73.6484,anonymous,EN,,4,3,12,2,3,4,1,F_1IPZXwxbo5c7mWB,101_Image_1.jpg,2913924,image/jpeg,nvcmh,3,5,F_1nZpeiePxp6rvar,101_Image_2.jpg,3781379,image/jpeg,rtyt,4,4,F_1is2JpuKoWj7dit,101_Image_3.jpg,6199144,image/jpeg,sdteytr,3,4,F_3PGIdA0jVOcHk8s,101_Image_4.jpg,6050675,image/jpeg,dsgdtyt,3,4,F_XHCSSAQ3gf0kL3b,101_Image_5.jpg,5085449,image/jpeg,srtret,2,4,F_1ds66HTeHQrJlck,101_Image_6.jpg,3933878,image/jpeg,dghtfhft,2,5,F_2E43N6E4N4Kwa5k,101_Image_7.jpg,4674274,image/jpeg,fddhh,4,4,F_3RlOdcrVdJLzbbz,101_Image_8.jpg,7050586,image/jpeg,dghdg,2,54,F_2aOBffK91P2kf52,101_Image_9.jpg,3261531,image/jpeg,dfjjfhjf,3,4,F_CaaDWrhEgER7uox,101_Image_10.jpg,3360186,image/jpeg,fhdhgf,1,3,F_2Xp6T5F4lO5c7BF,101_Image_11.jpg,4717580,image/jpeg,tdhgh,3,4,F_3KPxKSaMggd26n3,101_Image_12.jpg,5317329,image/jpeg,dhst,2,4,F_3GlBdt8Dy5rHUkm,101_Image_13.jpg,3558775,image/jpeg,hdfh,2,4,F_uy8dJWr6n8iTBEl,101_Image_14.jpg,4673287,image/jpeg,hgfhfh,2,4,F_32PfMOPkcL9YnZg,101_Image_15.jpg,4959026,image/jpeg,hsdht,3,4,F_2xXmTTM2Vcnqemd,101_Image_16.jpg,3094036,image/jpeg,hthfgh,3,4,F_23az5PZg8bECh7Q,101_Image_17.jpg,2773669,image/jpeg,hsdthtg,3,4,F_1pKeU8ucEAq4q1y,101_Image_18.jpg,4865913,image/jpeg,sgdghdt,4,4,F_2Eh56bqsCTeyCKf,101_Image_19.jpg,5345199,image/jpeg,dhfhf,3,4,F_D1v1ulheTONNu01,101_Image_20.jpg,3086993,image/jpeg,ndfgf,2,4,F_Dv5awgrCW08Umsx,101_Image_21.jpg,4602546,image/jpeg,hsdg,2,4,F_et9E17pOX7SLli9,101_Image_22.jpg,3433672,image/jpeg,tdsgdh,2,4,F_1LticVN4RhWsuyj,101_Image_23.jpg,3789936,image/jpeg,hfghfth,3,5,F_1CfH8GAyKexEFwe,101_Image_24.jpg,3347622,image/jpeg,dfht,3,5,F_3FIOgVmAxCTGPMD,101_Image_25.jpg,5031123,image/jpeg,dfhfgh,1,4,F_bIvfI9E6ccj5smR,101_Image_26.jpg,3496544,image/jpeg,hdth,2,5,F_3sCKfxSNDtS2TE5,101_Image_27.jpg,5058901,image/jpeg,dfhjryj,3,4,F_1Dwn1iw1kDTBsT5,101_Image_28.jpg,3951338,image/jpeg,yrdyr,3,4,F_3g6ipMX5KXEekBR,101_Image_29.jpg,3609145,image/jpeg,hethtey,3,4,F_3lKf6HijWIfpLQD,101_Image_30.jpg,4396393,image/jpeg,fdghfj,3,4,F_9tp89NB0GEqg17H,101_Image_31.jpg,248807,image/png,hthtrj,3,4,F_2Y4wyk9InraKxEk,101_Image_32.jpg,71305,image/png,etrs,3,5,,,,,,,,,,,,,,,,,,,,,,,,,,,,,,,,,,,,,,101,,
2024-04-10 16:33:34,2024-04-10 17:11:42,0,74.83.217.114,100,2288,1,2024-04-10 17:13:06,R_71QRzOCf6SCyykG,,,,,39.1638,-84.4517,anonymous,EN,,4,731,16,3,5,4,1,F_1PTMbS0fy7O9I4n,Screen Shot 2024-04-10 at 6.56.11 PM.png,1843688,image/png,me and friends at a concert,9,158,F_3erkJL63aOerxn3,Screen Shot 2024-04-10 at 6.55.49 PM.png,2004264,image/png,riding a horse,8,126,F_r26Tc8H6tLiLRzH,Screen Shot 2024-04-10 at 6.55.21 PM.png,2257383,image/png,Bryce Canyon,8,128,F_2v1wLhTM61IF2Yd,Screen Shot 2024-04-10 at 6.54.53 PM.png,2777840,image/png,football game,9,113,F_V2LrwEAoiIBolaN,Screen Shot 2024-04-10 at 6.54.28 PM.png,2534209,image/png,wedding guests,6,166,F_RUAvZTneuGa0WYN,Screen Shot 2024-04-10 at 6.53.51 PM.png,2819607,image/png,friends,7,127,F_1dsMzPm2TRU0oe1,Screen Shot 2024-04-10 at 6.53.28 PM.png,1967504,image/png,wedding guests,6,127,F_31TVGKZx9FqBl0O,Screen Shot 2024-04-10 at 6.52.59 PM.png,1680669,image/png,riding a horse,9,85,F_Rn6u5KqDK2OzVEB,Screen Shot 2024-04-10 at 6.52.29 PM.png,2409676,image/png,New Years eve,8,153,F_0rLnp0JSsofoNPP,Screen Shot 2024-04-10 at 6.51.54 PM.png,1395657,image/png,concert with friends,7,120,F_24BoYJEQcreJYel,Screen Shot 2024-04-10 at 6.51.27 PM.png,2375290,image/png,at a coffee shop,6,114,F_299T1sFktllcXm8,Screen Shot 2024-04-10 at 6.50.55 PM.png,1474006,image/png,engagement,10,249,F_3s4C1DfuULtNgQc,Screen Shot 2024-04-10 at 6.50.23 PM.png,2204040,image/png,national park,6,127,F_2zSbArNgP38W1di,Screen Shot 2024-04-10 at 6.49.55 PM.png,1816023,image/png,hiking,7,127,F_4GdYwaBuD5IQAnv,Screen Shot 2024-04-10 at 6.49.20 PM.png,2503316,image/png,bridal shower,7,135,F_3hAQ7KDNxIGerOX,Screen Shot 2024-04-10 at 6.48.46 PM.png,2405643,image/png,bachelorette party,6,125,F_RUcC3Pmgmb56rIJ,Screen Shot 2024-04-10 at 6.48.12 PM.png,1662016,image/png,my wedding,8,174,F_1GvHU4ZoLO9PbhT,Screen Shot 2024-04-10 at 6.47.38 PM.png,1936083,image/png,dancing at my wedding,9,174,F_1o73FqveqJGoiEV,Screen Shot 2024-04-10 at 6.47.00 PM.png,1905072,image/png,wedding send off,10,174,F_2OJVRLSsXRjAxfM,Screen Shot 2024-04-10 at 6.46.26 PM.png,2038759,image/png,riding a horse,5,67,F_3ix7TdQmGoOfesI,Screen Shot 2024-04-10 at 6.45.56 PM.png,2958130,image/png,in a coffee and plant store,7,159,F_1CpFLJy1tn7ku96,Screen Shot 2024-04-10 at 6.45.14 PM.png,1982493,image/png,in London,8,159,F_UyWLqAnlwPWUJZ7,Screen Shot 2024-04-10 at 6.44.48 PM.png,2709671,image/png,coffee in Scotland,6,138,F_1gBydwheaUz2klc,Screen Shot 2024-04-10 at 6.44.19 PM.png,3083099,image/png,sipping coffee,8,138,F_pu7AZ7ss1fWoZ5n,Screen Shot 2024-04-10 at 6.43.26 PM.png,2703050,image/png,champaign tour,8,156,F_1pogUKlnMVrp7Vi,Screen Shot 2024-04-10 at 6.42.58 PM.png,2652253,image/png,lunch at Versailles,9,156,F_xfJLEvHBxWaHCxz,Screen Shot 2024-04-10 at 6.42.23 PM.png,2126825,image/png,Paris,8,156,F_9yFZyIYQw0jtsAh,Screen Shot 2024-04-10 at 6.41.51 PM.png,2625167,image/png,coffee in Portugal,6,124,F_3ssRowuAPE7m4k5,Screen Shot 2024-04-10 at 6.41.19 PM.png,2369528,image/png,shopping in Porto,5,124,F_1plNWTlu05Oaky4,Screen Shot 2024-04-10 at 6.40.55 PM.png,2581764,image/png,Douro Valley,5,124,F_3G0tEJVvJlDlBGE,Screen Shot 2024-04-10 at 6.39.42 PM.png,2516664,image/png,gardens in Porto,9,124,F_38Wfx3J2zm409tn,Screen Shot 2024-04-10 at 7.10.38 PM.png,2156100,image/png,beach day,8,136,,,,,,,,,,,,,,,,,,,,,,,,,,,,,,,,,,,,,,60fc66800ccfce9c74ed4f3d,,
2024-04-10 19:07:29,2024-04-10 19:36:04,0,98.214.220.51,100,1714,1,2024-04-10 19:37:59,R_3OW5qJ9BiLi9fLx,,,,,41.9215,-87.6446,anonymous,EN,,4,372,12,1,4,5,1,F_ABfCCewFGYXhVVD,Screen Shot 2024-04-10 at 8.11.20 PM.png,3624067,image/png,Hanging out in London,8,81,F_1F8m20KiELZaXNj,Screen Shot 2024-04-10 at 8.12.11 PM.png,3755039,image/png,Hanging with friends at Stonehenge,10,108,F_32JbNrf6VrSnd2A,Screen Shot 2024-04-10 at 8.12.56 PM.png,2403372,image/png,Day at Stonehenge,7,108,F_33pc33v3r9NSELs,Screen Shot 2024-04-10 at 8.13.34 PM.png,4211968,image/png,The baths of Baths,6,108,F_e54EovcDrDtNT45,Screen Shot 2024-04-10 at 8.14.12 PM.png,3892157,image/png,Roming around Italy,9,129,F_21ooDfBNM3YG503,Screen Shot 2024-04-10 at 8.14.45 PM.png,5077388,image/png,Views from Italy,6,129,F_e9jFgXKWDGAJyzD,Screen Shot 2024-04-10 at 8.15.21 PM.png,4322608,image/png,A taste of Italy,10,129,F_3DvYKTkUyI8Fz7V,Screen Shot 2024-04-10 at 8.16.01 PM.png,4583125,image/png,Day at the Colloseum,7,129,F_2tFqSOs8yJ2ANXI,Screen Shot 2024-04-10 at 8.16.37 PM.png,4356383,image/png,boat rides in Venice,8,129,F_1i3hDXZAcL6YBf2,Screen Shot 2024-04-10 at 8.17.10 PM.png,4446811,image/png,beautiful scenery of Venice,9,129,F_3Hoica4JANMCydb,Screen Shot 2024-04-10 at 8.18.27 PM.png,3883291,image/png,Day in Brussels,6,123,F_PYh00VZzI1BTOEh,Screen Shot 2024-04-10 at 8.19.43 PM.png,5041110,image/png,Hanging in Edinburgh,7,131,F_3oMAUqyeYp9E19j,Screen Shot 2024-04-10 at 8.20.24 PM.png,3440424,image/png,After rain comes the rainbow,6,131,F_O9B3GteBGHcryPn,Screen Shot 2024-04-10 at 8.21.14 PM.png,4546249,image/png,Tulips of Amsterdam,8,97,F_1r1GRj84oqkI4ja,Screen Shot 2024-04-10 at 8.21.47 PM.png,3579471,image/png,Tulips for days,7,97,F_3RjYvOPhn7rpP7H,Screen Shot 2024-04-10 at 8.22.18 PM.png,5135148,image/png,tulips for days,7,97,F_1M0zjly19MVnsAx,Screen Shot 2024-04-10 at 8.23.02 PM.png,5485806,image/png,Amsterdam canals,8,122,F_2witO6x1azEO2z8,Screen Shot 2024-04-10 at 8.23.38 PM.png,4371058,image/png,can't get enough of the Amsterdam views,8,122,F_3dL1XfiVcmO4c6p,Screen Shot 2024-04-10 at 8.24.30 PM.png,4240925,image/png,Days in Berlin,6,124,F_33eBVZq7j1v2e2A,Screen Shot 2024-04-10 at 8.25.15 PM.png,4693377,image/png,Berlin is for the bears,7,124,F_54NYwjNOM2BUrbr,Screen Shot 2024-04-10 at 8.26.10 PM.png,5322538,image/png,Prague for days,7,119,F_2RP6D2OPEB90hEO,Screen Shot 2024-04-10 at 8.26.59 PM.png,4848503,image/png,just hanging with my animal friends,8,103,F_upMve4mql62C28p,Screen Shot 2024-04-10 at 8.27.37 PM.png,4937786,image/png,Budapest is the BudaBEST,7,113,F_ehxjGzI7YM280JX,Screen Shot 2024-04-10 at 8.28.21 PM.png,4448452,image/png,Views of Budapest,7,113,F_eLDBPlpY6QwcSVX,Screen Shot 2024-04-10 at 8.28.49 PM.png,3835832,image/png,Furry friends,7,113,F_AuQRYq1Gnz5jYLn,Screen Shot 2024-04-10 at 8.29.26 PM.png,4475776,image/png,"Visiting Barcelona ",7,123,F_2YWm8jRREzp4yl5,Screen Shot 2024-04-10 at 8.31.15 PM.png,5049305,image/png,Eiffel tower,7,118,F_1gwmfvBJd0jQaNf,Screen Shot 2024-04-10 at 8.32.06 PM.png,4893469,image/png,waiting for a call in london,9,127,F_1n8SMNJvmnLP3Ag,Screen Shot 2024-04-10 at 8.32.46 PM.png,4296117,image/png,London tower,8,127,F_XgGC9spoPUUnnYl,Screen Shot 2024-04-10 at 8.33.28 PM.png,3837567,image/png,Time at London tower,9,127,F_2Vyg9cRt2y90qjY,Screen Shot 2024-04-10 at 8.34.14 PM.png,4224670,image/png,views from london,7,109,F_T2g39IjvdDbogPn,Screen Shot 2024-04-10 at 8.35.38 PM.png,4555075,image/png,Time at Trevolli,8,129,,,,,,,,,,,,,,,,,,,,,,,,,,,,,,,,,,,,,,5fab3afc780978629141d35f,,
2024-04-10 19:07:56,2024-04-10 19:46:59,0,45.48.68.120,100,2342,1,2024-04-10 19:48:02,R_3IaEV0ozOrhbwm7,,,,,34.1856,-119.2137,anonymous,EN,,4,400,12,1,2,4,1,F_wN4qqmjvpgmhoY1,1.png,1858095,image/png,One,10,809,F_1LcIELJu0pIS4Sf,1.png,1640037,image/png,Two,10,1442,F_3hxyhUyJbNb41U0,1.png,1989337,image/png,Three,10,1386,F_3HZiSFmOlXnBC1R,1.png,1584427,image/png,Four,10,753,F_2dsa0kUPYRw3xBH,1.png,1082862,image/png,Five,8,1090,F_12R5WpLXK8AvGUu,1.png,1190438,image/png,Six,10,2415,F_bBCnA38oDZ1pF1T,1.png,1253113,image/png,Seven,10,990,F_2SogQeOORTlchpC,1.png,1549343,image/png,Eight,7,1375,F_2fx2RNrBbx2AAsu,1.png,1170584,image/png,Nine,7,1653,F_vDKFp5fSEC6QcOR,1.png,1627755,image/png,Ten,10,1034,F_1fl00V5xuiU6nWC,1.png,1570735,image/png,This survey is taking too long,10,2186,F_1j8jCCJMOhLAKWT,1.png,1645070,image/png,Twelve,10,2186,F_12Me7co6PfVRixB,1.png,1236804,image/png,Thirteen,10,1206,F_2WvAtT1CMuhLXn6,1.png,896063,image/png,Fourteen,5,946,F_3CC6qlzFhlgjEwO,1.png,744992,image/png,Fifteen,6,1379,F_pT2bRM4gCiLVqQp,1.png,1326112,image/png,Sixteen,10,1477,F_2trvzXTovVa9b1v,1.png,1825390,image/png,Seventeen,5,1946,F_1lAFUXdE2bxj0kT,1.png,1734102,image/png,Eighteen,8,1270,F_3PsINsXa2lgW89U,1.png,1259438,image/png,Nineteen,10,1387,F_3Dv7BDXmCFIDYnb,1.png,1240070,image/png,Twenty,10,2416,F_25SZVNx5mUqXP3v,1.png,1280314,image/png,Twenty one,10,1998,F_r8ETxqIBo4mlJgR,1.png,1221921,image/png,Twenyt two,10,1304,F_XwaQiojRKKpYfdL,1.png,1416409,image/png,Twenty three,10,612,F_2D6tjU7l864Et0E,1.png,1943771,image/png,meh,10,421,F_1gihSsuH1U8Yscw,1.png,1066475,image/png,heh,10,423,F_6z01obnBL9JuUQ9,1.png,1519463,image/png,Dad,7,435,F_6KHh52fL36XMJBD,1.png,935230,image/png,ghsnhrhs,6,0,F_2cpjeFjO72Jt4Fn,1.png,1521915,image/png,PH,10,349,F_2zoxejN8xwldqHw,1.png,1569943,image/png,CAR,5,432,F_3Oc83NTPnB0ZfUY,1.png,1037706,image/png,YOOOO,10,401,F_vTEMdng2O0hlSIp,1.png,1870613,image/png,HOLA,10,1,F_6nHWWDTe1u9soNj,1.png,1311737,image/png,VAT,5,56,,,,,,,,,,,,,,,,,,,,,,,,,,,,,,,,,,,,,,65779c4bde34621ce896b77d,,
2024-04-10 19:29:50,2024-04-10 19:50:59,0,98.49.11.208,100,1268,1,2024-04-10 19:51:49,R_5PdmG0TTITkHEy1,,,,,40.3886,-75.9286,anonymous,EN,,4,1200,15,1,8,9,1,F_3IbFQnynFtLiObN,IMG_1423.jpeg,300991,image/jpeg,Mirror photo at bar,7,10,F_12g6FmOtTYauMgH,IMG_1424.jpeg,477906,image/jpeg,friend selfies,10,12,F_3nAWTF9s2YySzUa,IMG_1425.jpeg,309247,image/jpeg,it costume,5,9,F_2c63jp9LlXbpuVO,IMG_1426.jpeg,313463,image/jpeg,figure photo,6,22,F_2aqKYZqRfpgyAja,IMG_1427.jpeg,246339,image/jpeg,"mommy and me ",10,12,F_2PpMuUQWQqkmzp7,IMG_1428.jpeg,251643,image/jpeg,girls night out,4,14,F_31zyhfJvjCxlNdv,IMG_1429.jpeg,694395,image/jpeg,baseball game,6,12,F_1AjkJUya9Hy7sCl,IMG_1430.jpeg,315333,image/jpeg,baseball nights,8,14,F_8deGCyEqvnKtY2Z,IMG_1431.jpeg,427804,image/jpeg,miss you always,10,16,F_3HUKFN9Owfu3sRd,IMG_1432.jpeg,420662,image/jpeg,birthday trip,7,8,F_vd98ZIKyeuiPjwJ,IMG_1433.jpeg,322826,image/jpeg,favorite view,4,6,F_5iKA4wK3yeEUZr3,IMG_1434.jpeg,354159,image/jpeg,selfieee,10,15,F_1IcLwTX0ugqTOgY,IMG_1435.jpeg,484550,image/jpeg,birthday boy,7,12,F_31TLlyBL9K8OWJ2,IMG_1436.jpeg,463932,image/jpeg,mommy's boy,10,16,F_25X9e710DnuGY98,IMG_1437.jpeg,724341,image/jpeg,camel riding,10,4,F_STdrEKszLPgctY5,IMG_1438.jpeg,532523,image/jpeg,sahara rides,10,21,F_3GdE1MYrrR2WTUO,IMG_1439.jpeg,536611,image/jpeg,halloween party,10,16,F_1GBxj9iZYz6JGDq,IMG_1440.jpeg,371793,image/jpeg,selfie,6,3,F_2DM1Y3eoQ7oS5ZL,IMG_1441.jpeg,577630,image/jpeg,"blind boy ",10,4,F_1l9SXOUAa4z7cNJ,IMG_1442.jpeg,343161,image/jpeg,besties,7,9,F_paPn7APpnrlkPK1,IMG_1443.jpeg,434975,image/jpeg,tesla,7,15,F_28SXDbdk0YBau3L,IMG_1444.jpeg,569883,image/jpeg,selfie,7,14,F_TiazdQafGNZ1BlL,IMG_1445.jpeg,525318,image/jpeg,fat boy,6,9,F_3qlinfjvtrJfs5z,IMG_1446.jpeg,695070,image/jpeg,scenery,8,5,F_1gHMsnB1jPhOK76,IMG_1447.jpeg,323517,image/jpeg,Beach girl,9,6,F_3Jxeh51xT9H4rt9,IMG_1448.jpeg,377153,image/jpeg,PR proud,6,7,F_2rJIjJkBSG4c19M,IMG_1449.jpeg,290451,image/jpeg,airplane mode,6,1,F_3rG48EEYqCm8tiN,IMG_1450.jpeg,243037,image/jpeg,airplane pics,6,7,F_1JLo7CsAkqfYueR,IMG_1451.jpeg,273916,image/jpeg,selfie,6,6,F_cNfteZgMuhKyP6h,IMG_1452.jpeg,261718,image/jpeg,bestie vibes only,8,5,F_2ahjDtUFGs9Fzye,IMG_1453.jpeg,284067,image/jpeg,bar vibes,6,7,F_vCZRMvgLybVa4eJ,IMG_1454.jpeg,308428,image/jpeg,selfie,7,8,,,,,,,,,,,,,,,,,,,,,,,,,,,,,,,,,,,,,,60fe49ad235696796d15f22f,,
2024-04-10 19:04:04,2024-04-10 20:05:56,0,73.151.114.59,100,3711,1,2024-04-10 20:06:42,R_6n8bZLFNhTTYY2S,,,,,38.0004,-121.3105,anonymous,EN,,4,1157,16,2,8,5,1,F_1po4KhsHLPNuEty,Screenshot 2024-04-10 183701.jpg,316221,image/jpeg,Hardwork Pays off,8,238,F_28zFFhCiNJHAm3a,Screenshot 2024-04-10 183742.png,716417,image/png,keep your dreams alive,8,238,F_1Ka8FcdAYoSUCi2,Screenshot 2024-04-10 183804.jpg,235201,image/jpeg,tied the knot,10,108,F_3Jwy0YwogkrAyU3,Screenshot 2024-04-10 183817.jpg,291368,image/jpeg,All business,5,160,F_WcHpoUcHDXd8JTb,Screenshot 2024-04-10 183834.jpg,240730,image/jpeg,the teams tour bus,9,110,F_1odysTyxGxiuXUa,Screenshot 2024-04-10 183848.jpg,217574,image/jpeg,chilling on the sidelines,5,140,F_3KNHQMtrlnLVQs7,Screenshot 2024-04-10 183901.jpg,425058,image/jpeg,me and the team as champions,10,222,F_28G1w2XJdRy3znL,Screenshot 2024-04-10 183913.jpg,329786,image/jpeg,idk what to caption this one tbh,5,222,F_BLFXMRNvt1j1SRb,Screenshot 2024-04-10 183924.jpg,359534,image/jpeg,all the boys practicing,3,222,F_VOPXbRaZZj9Ruw1,Screenshot 2024-04-10 183937.jpg,335147,image/jpeg,My boy scotty too hotty,7,222,F_3PtXJNR8y85IzJ7,Screenshot 2024-04-10 183948.jpg,238303,image/jpeg,Team owner celebrating the win,6,88,F_3KITa8zMrvispxB,Screenshot 2024-04-10 184001.jpg,294006,image/jpeg,We stand as one,8,167,F_1lbrACqldDKGpUG,Screenshot 2024-04-10 184012.jpg,267946,image/jpeg,Couldnt ask for a better crew,9,167,F_3LcD13EW2jcRzU8,Screenshot 2024-04-10 184023.jpg,292380,image/jpeg,Me with the Trophy,10,220,F_7WmJaPllREZMBMZ,Screenshot 2024-04-10 184033.jpg,235379,image/jpeg,Ready for the new Season,7,108,F_wS6u0o8VoO1Lsdj,Screenshot 2024-04-10 184044.jpg,272270,image/jpeg,Me and my Wife,10,52,F_3WV4Q45Njd0pmX7,Screenshot 2024-04-10 184057.jpg,301101,image/jpeg,Us on a date,10,52,F_1NDqkUBrdvvWZbp,Screenshot 2024-04-10 184107.jpg,242761,image/jpeg,Date part two,10,52,F_3lynYd453QOJe0N,Screenshot 2024-04-10 184117.jpg,326159,image/jpeg,Leaving a Chapter behind,8,129,F_2xSqxGpnZ7APym1,Screenshot 2024-04-10 184128.jpg,303571,image/jpeg,Preparing my players,7,99,F_20TlP0OiNDrLvvp,Screenshot 2024-04-10 184138.jpg,224892,image/jpeg,Cleaning a team members helmet,5,98,F_3FQHk0M3opWoBcR,Screenshot 2024-04-10 184149.jpg,236502,image/jpeg,Standing behind my team we are ready,8,130,F_0N9GWLLxF7NJmnf,Screenshot 2024-04-10 184200.jpg,218468,image/jpeg,Me and my friend when we were in training,9,130,F_1qVVssib1jtBHYg,Screenshot 2024-04-10 184211.jpg,358136,image/jpeg,me and my legendary coach,10,131,F_276V248pHZjiEpb,Screenshot 2024-04-10 184220.jpg,299657,image/jpeg,Me and my girl at a family wedding,10,87,F_1QuyEM8578KJMsJ,Screenshot 2024-04-10 184232.jpg,203568,image/jpeg,Chilling on the beach,8,53,F_1DGbfMfnBKVw6DG,Screenshot 2024-04-10 184244.jpg,252459,image/jpeg,Hawaiian Luau,5,21,F_3isTZrRQ2eAdKeZ,Screenshot 2024-04-10 184255.jpg,282801,image/jpeg,Beautiful shot of the hawaiian ocean,9,31,F_29s6PxUifTnYDzN,Screenshot 2024-04-10 184305.jpg,476387,image/jpeg,me and my girl on a snowy hike,10,62,F_27d8bVwxk4b6Jpa,Screenshot 2024-04-10 184314.jpg,285033,image/jpeg,Louis near the riverside,8,28,F_1jjPwe4OoU9Gfo0,Screenshot 2024-04-10 190408.jpg,433267,image/jpeg,Photo of when i first met my gf I also forgot to block the my username in this one sorry,10,17,F_3rUvyyK4nQhLLnK,Screenshot 2024-04-10 190353.jpg,306870,image/jpeg,me and my girl at a pumpkin patch,10,52,,,,,,,,,,,,,,,,,,,,,,,,,,,,,,,,,,,,,,5e6027f12036113753519c82,,
2024-04-12 10:56:22,2024-04-12 11:25:11,0,104.5.108.35,100,1728,1,2024-04-12 11:26:17,R_21AkVhr6BRECVVC,,,,,36.1723,-86.6608,anonymous,EN,,4,896,15,2,3,2,1,F_3Q0jJc71eg1VOOf,screenshotIG.png,1340371,image/png,Akira Toriyama,8,27,F_1EhBc6d4I20e0x6,IG2.png,857879,image/png,Tattoo,10,27,F_1Icu4iFzHGJc1Ra,IG3.png,1336710,image/png,Yuyu Hakusho,10,50,F_3lLBF0i0YdSX63D,ig4.png,1084838,image/png,Tattoo other angle,10,52,F_1HdF8ddSmZRBFIh,IG5.png,1121776,image/png,Ginyu Force rules,9,27,F_31YJrrtjhKjOuCW,IG6.png,1195641,image/png,Mt Dew Sign,6,30,F_RUlEwItVBFAk9BD,ig7.png,1656333,image/png,Ice Cream Barbie,9,35,F_33fHfM291YWJbRJ,ig8.png,1316818,image/png,Skrillex Diablo,7,20,F_1DXUjUr5v3zH2YB,ig9.png,1722854,image/png,rumham,10,35,F_3lRkxizqAbfgiNC,ig10.png,1011785,image/png,Cupcake Wars,8,15,F_2Es27GkKqWdunqx,ig11.png,2089373,image/png,Star,9,60,F_1jqcghtlaTquXpD,IG12.png,1072147,image/png,Drill spot,6,60,F_5sSl6XuJ5n74axH,ig13.png,1177039,image/png,Red hair,9,75,F_eV6kSHrtNLt7Beh,ig14.png,969508,image/png,Beer,7,45,F_2cpvqdBBvpkPoOF,ig15.png,1322301,image/png,Heat dying,4,70,F_ueTFVO37x45h9T3,16.png,487004,image/png,drill spots,4,70,F_yJZDzwTyODqpCH7,17.png,929104,image/png,free fries,3,22,F_2bIXd6IQFxZHG0J,18.png,1064236,image/png,Horn,10,80,F_1jVsyqWVFrfF2Nk,19.png,1051508,image/png,Poke,10,34,F_3R9knvhDbtEzDC0,20.png,1468185,image/png,Dog,10,53,F_2bNM1szTBId2LEq,21.png,1535216,image/png,Dog,9,54,F_1K12DkpE27kZMCT,22.png,1092857,image/png,Majin Buu,8,50,F_3GE6XEO3SXL5LAS,23.png,1528206,image/png,Goku,7,50,F_rcictTFclX6cr97,24.png,1390024,image/png,Krillin,9,50,F_1jfyWCbwY8czCaA,25.png,1672938,image/png,coasters,8,50,F_9ttqHvn2AGBx3mp,26.png,1018591,image/png,dball,7,50,F_12hHq6eJf3oHuEb,27.png,859065,image/png,manga,9,50,F_2SvJiWfWne2ATub,28.png,960722,image/png,horn,9,62,F_3EN2HaQco2dbaDf,29.png,1197035,image/png,group pic,8,62,F_2fCAIDoxezyfjzS,30.png,1149220,image/png,hornline,10,62,F_2ZJLjt260rc6Msw,31.png,1557892,image/png,playing,9,62,F_ZsNsOea0wAwwpQ5,32.png,1222831,image/png,zoom,6,62,,,,,,,,,,,,,,,,,,,,,,,,,,,,,,,,,,,,,,5c5c451500b69200011bb8bf,,
2024-04-12 10:40:34,2024-04-12 11:32:43,0,73.183.41.213,100,3128,1,2024-04-12 11:34:03,R_7hfp4EtbTRpBa2k,,,,,40.3052,-79.5418,anonymous,EN,,4,294,12,2,3,3,1,F_BxovEWDHNQevoVH,Screenshot (33).png,1245675,image/png,childhood dog,10,17,F_1GKy1eYjC6bCcxk,Screenshot (5).png,1591589,image/png,father's day,10,17,F_3RlKzIcYtFXvkDd,Screenshot (9).png,1267383,image/png,sand dog,10,14,F_OHYgDM99o3MjO93,Screenshot (10).png,1276310,image/png,pup kisses,10,14,F_wRIXZ0dcnw1GOpH,Screenshot (13).png,1640552,image/png,shrub dog,10,14,F_3L0y0KZftrNvgv1,Screenshot (14).png,1464962,image/png,snuggles,10,19,F_2v66HSg7Po5WJA7,Screenshot (43).png,1257387,image/png,besties,10,17,F_2c1luFSwDYoa54a,Screenshot (41).png,966784,image/png,seven,10,25,F_3Eyz2JrnCS6LATx,Screenshot (18).png,1268888,image/png,noses,10,14,F_23et6cQ6d5yzeKL,Screenshot (42).png,1142543,image/png,heart dog,10,16,F_1jI0bB6U8ISZm2c,Screenshot (44).png,1643598,image/png,wolf pack,10,14,F_3EzEJNwjS2Be7yq,Screenshot (16).png,1566121,image/png,zoo day,10,15,F_27IDHF3iCsP34Mx,Screenshot (15).png,1258430,image/png,puppy,10,14,F_by1s7E1ozvU4Te1,Screenshot (17).png,1495776,image/png,drooling,10,14,F_3kjmuhKOY1rSZGH,Screenshot (19).png,1179328,image/png,squad,9,14,F_2Sc14W3QVtdceAi,Screenshot (20).png,1265533,image/png,front door,10,31,F_8bTqpNue1w1LWYV,Screenshot (21).png,1384163,image/png,snow hill,10,31,F_5gM9QYtaZ7avXDr,Screenshot (23).png,1409097,image/png,boop,10,47,F_2v7JPfqdexWffRW,Screenshot (24).png,1491976,image/png,hill,10,17,F_3nC2e2yIG2sAAE3,Screenshot (25).png,1255333,image/png,tractors,10,17,F_3Hug44QXL5o3PUO,Screenshot (26).png,1635696,image/png,candy apple,10,17,F_1Fy7sPLtUnLjoYW,Screenshot (27).png,1766555,image/png,sunbeam,10,17,F_2ipKNUWjlMJEU1j,Screenshot (29).png,1728595,image/png,teeny,10,12,F_3Poxp4l9ykBnZ9X,Screenshot (37).png,1195545,image/png,eyes outside,10,17,F_3j6Wyr49ZzZ0a44,Screenshot (38).png,1187560,image/png,christmas,10,21,F_2w0TgoKFjkYuWi4,Screenshot (31).png,1091653,image/png,dunes,10,20,F_1N82NZnn1jO2eU3,Screenshot (32).png,1181794,image/png,sandy toes,10,34,F_Bxga3BDm1HHf7Cp,Screenshot (36).png,1531314,image/png,relaxing,10,18,F_21jMumrMFD3mniv,Screenshot (28).png,1495500,image/png,"memoriam ",10,11,F_25NtBUub3L2fHdE,Screenshot (30).png,1493217,image/png,walks,10,20,F_ZC8ekM8iUcpUaRP,Screenshot (35).png,1702989,image/png,teenager,10,16,F_AtBxEHBZHmoAIkp,Screenshot (7).png,1662263,image/png,opposites,10,14,,,,,,,,,,,,,,,,,,,,,,,,,,,,,,,,,,,,,,63d432e27555fb4b5785cfcd,,
2024-04-12 11:18:58,2024-04-12 11:42:54,0,174.193.201.169,100,1435,1,2024-04-12 11:59:02,R_5tAv2rM9j9iahJh,,,,,34.0544,-118.2441,anonymous,EN,,4,135,12,3,4,4,1,F_3GpuQA45FpUPPCD,Screenshot 2024-04-12 102130.png,527300,image/png,Dodger hat,5,24,F_wTsPdwAqvmnY4sp,Screenshot 2024-04-12 102051.png,1849983,image/png,Acdec competition,7,32,F_2EoV3sV0JDXRcKZ,Screenshot 2024-04-12 102331.png,1026955,image/png,school schedule,6,24,F_25LA3x2MrXYIov5,Screenshot 2024-04-12 102424.png,1478959,image/png,NYC picture,10,32,F_33rPFDJKZUfa8DI,Screenshot 2024-04-12 102509.png,1278085,image/png,NYC picture,5,32,F_3L11c8wOfaLXjNv,Screenshot 2024-04-12 102548.png,1890091,image/png,Church camp thor costume,10,29,F_1dh8QaPHuyt0WuB,Screenshot 2024-04-12 102632.png,2114930,image/png,Elevate turned upside down picture,7,17,F_2cC2bLYyrfInawx,Screenshot 2024-04-12 102717.png,1247118,image/png,Endgame costumes at the el capitan theater,6,12,F_3e9z1dTrwFRrfZf,Screenshot 2024-04-12 102759.png,1025024,image/png,Endgame el capitan costumes,6,12,F_Ap9O6ilRhdLi0Bb,Screenshot 2024-04-12 102843.png,1114185,image/png,Endgame costumes,6,12,F_3isdMxnrHMJQ3Ue,Screenshot 2024-04-12 102925.png,1867167,image/png,Endgame Tony Stark broken helmet,8,12,F_7VRfuvCCQxWMQUx,Screenshot 2024-04-12 103007.png,2501635,image/png,picture of a river,8,12,F_WkUZJrGE0SmgKUp,Screenshot 2024-04-12 103043.png,1705263,image/png,Band picture,10,15,F_3dKgE83Ntq35Jzi,Screenshot 2024-04-12 103122.png,1229934,image/png,Bunny,6,12,F_1QKMgojXuqrS8bB,Screenshot 2024-04-12 103155.png,1450677,image/png,Rainy day at Knotts berry farm,5,12,F_2rDeaFJstes36nf,Screenshot 2024-04-12 103231.png,415175,image/png,sunset on christmas day,8,10,F_rlKvPlzDaMN3ipP,Screenshot 2024-04-12 103305.png,1887395,image/png,Picture of drumline,10,12,F_2qgZYO5fqkmizEa,Screenshot 2024-04-12 103338.png,1907931,image/png,Picture of color guard,9,12,F_OKkqAJ5vi5yM2Pv,Screenshot 2024-04-12 103420.png,769717,image/png,Picture of Dice,5,8,F_XozT304y0W5dse5,Screenshot 2024-04-12 103509.png,1054947,image/png,Girl freaking out over a dice roll,7,8,F_2QSxm0yCqDmQy1d,Screenshot 2024-04-12 103547.png,1092785,image/png,Drumline photo,10,11,F_b8Sx6s0we2WL54d,Screenshot 2024-04-12 103621.png,1638581,image/png,me and mom,10,7,F_1hKoyyun4PVjEGS,Screenshot 2024-04-12 103650.png,1285016,image/png,Me and the band director,9,12,F_24MIeUYQEOztcwi,Screenshot 2024-04-12 103720.png,2264150,image/png,"Band performance ",10,10,F_3HjNnnvgaGGBVm9,Screenshot 2024-04-12 103757.png,1161630,image/png,Drum set photo,8,8,F_RVJLTOBcNXvAjPH,Screenshot 2024-04-12 103836.png,682471,image/png,Picture of a Red Hood shirt,8,8,F_214KD9ewDYT4k2h,Screenshot 2024-04-12 103908.png,326235,image/png,Smiley face drawing on a hand,10,9,F_3Rll6aL11H8HP6W,Screenshot 2024-04-12 103939.png,1173040,image/png,Red Hood cosplay,7,7,F_10BCDBEHCpt39Rl,Screenshot 2024-04-12 104014.png,1147098,image/png,Picture of a devil movie for the emoji movie promotions,8,5,F_XyMiNL9vfH8Qvy9,Screenshot 2024-04-12 104058.png,1090078,image/png,Stormtrooper costume at the chinese theater,8,2,F_2D65UREHp8DziDD,Screenshot 2024-04-12 104145.png,592304,image/png,Image of a dice,4,8,F_1pLSxWb71q6H0ed,Team_Pepega-Oryx-1.0.1.png.256x256_q95.jpg,25978,image/jpeg,"Random image for extra pictures ",5,0,,,,,,,,,,,,,,,,,,,,,,,,,,,,,,,,,,,,,,660482648009855d3c92ce84,,
2024-04-12 12:45:49,2024-04-12 13:40:29,0,165.23.54.247,100,3280,1,2024-04-12 13:41:57,R_8A0geOfr6FEppQr,,,,,43.5376,-96.6818,anonymous,EN,,4,152,16,1,1,7,1,F_1j9Oszo2yxATLOx,Screenshot 2024-04-12 at 1.57.02PM.png,648720,image/png,Outstanding Screenplays QuarterFinalist,10,7,F_To8t1sLdgnlZVYd,Screenshot 2024-04-12 at 2.00.25PM.png,899807,image/png,Los Angels International Screenplay Awards QuarterFinalist,10,17,F_2BwCL9ryeZfg3rj,Screenshot 2024-04-12 at 2.01.10PM.png,375359,image/png,WeScreenplay Script Lab Rating,10,17,F_24IAB7ELr8LJbCI,Screenshot 2024-04-12 at 2.00.40PM.png,1050503,image/png,Scriptation Showcase Screenplay Competition SemiFinalist,10,7,F_2dQHb2Gw7kCUAh0,Screenshot 2024-04-12 at 2.01.16PM.png,846630,image/png,Dallas International Film Festival QuarterFinalist,10,19,F_3ISO0hzP9Ykopae,Screenshot 2024-04-12 at 2.01.26PM.png,878630,image/png,Newborn first child,10,63,F_2rZ2xNddDaOg7tm,Screenshot 2024-04-12 at 2.02.01PM.png,1004619,image/png,Newborn with hat on head,10,63,F_2upnU11l24ySWoM,Screenshot 2024-04-12 at 2.02.15PM.png,1165913,image/png,First Child cuddles,10,63,F_3nflMMkG5nlbgz8,Screenshot 2024-04-12 at 2.02.26PM.png,1637149,image/png,Weight loss before and after,10,37,F_27NEao51ToWQD4B,Screenshot 2024-04-12 at 2.02.34PM.png,1913879,image/png,First day of eighth grade,10,37,F_UJuQJQrpDYIjei5,Screenshot 2024-04-12 at 2.02.48PM.png,1586958,image/png,Messy dinner with a friend,10,33,F_24zMAcuhgZ67prc,Screenshot 2024-04-12 at 2.02.53PM.png,845130,image/png,Holding a balloon in the middle of the street,10,47,F_1FxPYLMywbL9wDq,Screenshot 2024-04-12 at 2.03.02PM.png,1444154,image/png,"Meeting Shia LaBeouf ",10,24,F_1Ka9z2TDa5MopMb,Screenshot 2024-04-12 at 2.03.10PM.png,1737731,image/png,"High School Graduation ",10,17,F_2f0RLJWngwSW32f,Screenshot 2024-04-12 at 2.03.27PM.png,1904517,image/png,High School Sporting Event,10,10,F_2S7zJTI2M5klkve,Screenshot 2024-04-12 at 2.03.55PM.png,1369618,image/png,At a friend's bachelor party,10,102,F_1myOdoixkP8cbQD,Screenshot 2024-04-12 at 2.04.09PM.png,1588956,image/png,Out Golfing,10,102,F_5BX78iJWBDrs45b,Screenshot 2024-04-12 at 2.04.34PM.png,1310275,image/png,Second Child,10,52,F_2WCidhrFdmFg3CS,Screenshot 2024-04-12 at 2.04.50PM.png,1009940,image/png,Second Child with Toy,10,52,F_Y4glt6tvVbYODq9,Screenshot 2024-04-12 at 2.05.08PM.png,1246002,image/png,Second Child with Dog,10,52,F_Z97mtnYVKNJfhBf,Screenshot 2024-04-12 at 2.05.25PM.png,1344271,image/png,Baby with his puppy,10,52,F_Dw2EjV5fpVvEv73,Screenshot 2024-04-12 at 2.05.38PM.png,1555709,image/png,Second Child at three months,10,60,F_1jHEJQNgGgDkj5U,Screenshot 2024-04-12 at 2.05.48PM.png,1416346,image/png,Second Child Smiling,10,60,F_3KUtN57Xk6YyCSv,Screenshot 2024-04-12 at 2.05.59PM.png,1678664,image/png,Family Photo,10,115,F_2wgd1pRY0Ev7g3C,Screenshot 2024-04-12 at 2.06.10PM.png,1447078,image/png,With Pregnant Wife,10,95,F_1l9tSSSqzPcOcmU,Screenshot 2024-04-12 at 2.06.18PM.png,1623595,image/png,At a friends wedding,10,95,F_1itlYPD3q0mweeu,Screenshot 2024-04-12 at 2.06.40PM.png,1582330,image/png,Our Wedding,10,158,F_tXMNcuJS7VO3wm5,Screenshot 2024-04-12 at 2.06.55PM.png,1275226,image/png,Back and White Wedding Photo,10,158,F_3erVwYakRsm3kHe,Screenshot 2024-04-12 at 2.07.04PM.png,2187308,image/png,Wedding Party,10,158,F_UFHGofpGy8yZ2Mx,Screenshot 2024-04-12 at 2.07.18PM.png,1146128,image/png,Wedding Dance,10,158,F_3sAGgGhdo1YcJtk,Screenshot 2024-04-12 at 2.07.29PM.png,2021510,image/png,Bachelor Party Hike,10,151,F_3m4eZtbp71K4iFd,Screenshot 2024-04-12 at 2.07.36PM.png,1911301,image/png,Bachelor Party Dinner,10,107,,,,,,,,,,,,,,,,,,,,,,,,,,,,,,,,,,,,,,66036442d5a1059cf1eac3b5,,
